"Id","Title","Body"
"1","sunt aut facere repe","quia et suscipit suscipit recusandae consequuntur expedita et cum reprehenderit molestiae ut ut quas totam nostrum rerum"
"2","qui est esse","est rerum tempore vitae sequi sint nihil reprehenderit dolor beatae ea dolores neque fugiat blanditiis voluptate porro v"
"3","ea molestias quasi e","et iusto sed quo iure voluptatem occaecati omnis eligendi aut ad voluptatem doloribus vel accusantium quis pariatur mole"
"4","eum et est occaecati","ullam et saepe reiciendis voluptatem adipisci sit amet autem assumenda provident rerum culpa quis hic commodi nesciunt r"
"5","nesciunt quas odio","repudiandae veniam quaerat sunt sed alias aut fugiat sit autem sed est voluptatem omnis possimus esse voluptatibus quis"
"6","dolorem eum magni eo","ut aspernatur corporis harum nihil quis provident sequi mollitia nobis aliquid molestiae perspiciatis et ea nemo ab repr"
"7","magnam facilis autem","dolore placeat quibusdam ea quo vitae magni quis enim qui quis quo nemo aut saepe quidem repellat excepturi ut quia sunt"
"8","dolorem dolore est i","dignissimos aperiam dolorem qui eum facilis quibusdam animi sint suscipit qui sint possimus cum quaerat magni maiores ex"
"9","nesciunt iure omnis","consectetur animi nesciunt iure dolore enim quia ad veniam autem ut quam aut nobis et est aut quod aut provident volupta"
"10","optio molestias id q","quo et expedita modi cum officia vel magni doloribus qui repudiandae vero nisi sit quos veniam quod sed accusamus verita"
"11","et ea vero quia laud","delectus reiciendis molestiae occaecati non minima eveniet qui voluptatibus accusamus in eum beatae sit vel qui neque vo"
"12","in quibusdam tempore","itaque id aut magnam praesentium quia et ea odit et ea voluptas et sapiente quia nihil amet occaecati quia id voluptatem"
"13","dolorum ut in volupt","aut dicta possimus sint mollitia voluptas commodi quo doloremque iste corrupti reiciendis voluptatem eius rerum sit cumq"
"14","voluptatem eligendi","fuga et accusamus dolorum perferendis illo voluptas non doloremque neque facere ad qui dolorum molestiae beatae sed aut"
"15","eveniet quod tempori","reprehenderit quos placeat velit minima officia dolores impedit repudiandae molestiae nam voluptas recusandae quis delec"
"16","sint suscipit perspi","suscipit nam nisi quo aperiam aut asperiores eos fugit maiores voluptatibus quia voluptatem quis ullam qui in alias quia"
"17","fugit voluptas sed m","eos voluptas et aut odit natus earum aspernatur fuga molestiae ullam deserunt ratione qui eos qui nihil ratione nemo vel"
"18","voluptate et itaque","eveniet quo quis laborum totam consequatur non dolor ut et est repudiandae est voluptatem vel debitis et magnam"
"19","adipisci placeat ill","illum quis cupiditate provident sit magnam ea sed aut omnis veniam maiores ullam consequatur atque adipisci quo iste exp"
"20","doloribus ad provide","qui consequuntur ducimus possimus quisquam amet similique suscipit porro ipsam amet eos veritatis officiis exercitatione"
"21","asperiores ea ipsam","repellat aliquid praesentium dolorem quo sed totam minus non itaque nihil labore molestiae sunt dolor eveniet hic recusa"
"22","dolor sint quo a vel","eos qui et ipsum ipsam suscipit aut sed omnis non odio expedita earum mollitia molestiae aut atque rem suscipit nam impe"
"23","maxime id vitae nihi","veritatis unde neque eligendi quae quod architecto quo neque vitae est illo sit tempora doloremque fugit quod et et vel"
"24","autem hic labore sun","enim et ex nulla omnis voluptas quia qui voluptatem consequatur numquam aliquam sunt totam recusandae id dignissimos aut"
"25","rem alias distinctio","ullam consequatur ut omnis quis sit vel consequuntur ipsa eligendi ipsum molestiae et omnis error nostrum molestiae illo"
"26","est et quae odit qui","similique esse doloribus nihil accusamus omnis dolorem fuga consequuntur reprehenderit fugit recusandae temporibus persp"
"27","quasi id et eos tene","eum sed dolores ipsam sint possimus debitis occaecati debitis qui qui et ut placeat enim earum aut odit facilis consequa"
"28","delectus ullam et co","non et quaerat ex quae ad maiores maiores recusandae totam aut blanditiis mollitia quas illo ut voluptatibus voluptatem"
"29","iusto eius quod nece","odit magnam ut saepe sed non qui tempora atque nihil accusamus illum doloribus illo dolor eligendi repudiandae odit magn"
"30","a quo magni similiqu","alias dolor cumque impedit blanditiis non eveniet odio maxime blanditiis amet eius quis tempora quia autem rem a provide"
"31","ullam ut quidem id a","debitis eius sed quibusdam non quis consectetur vitae impedit ut qui consequatur sed aut in quidem sit nostrum et maiore"
"32","doloremque illum ali","deserunt eos nobis asperiores et hic est debitis repellat molestiae optio nihil ratione ut eos beatae quibusdam distinct"
"33","qui explicabo molest","rerum ut et numquam laborum odit est sit id qui sint in quasi tenetur tempore aperiam et quaerat qui in rerum officiis s"
"34","magnam ut rerum iure","ea velit perferendis earum ut voluptatem voluptate itaque iusto totam pariatur in nemo voluptatem voluptatem autem magni"
"35","id nihil consequatur","nisi error delectus possimus ut eligendi vitae placeat eos harum cupiditate facilis reprehenderit voluptatem beatae modi"
"36","fuga nam accusamus v","ad mollitia et omnis minus architecto odit voluptas doloremque maxime aut non ipsa qui alias veniam blanditiis culpa aut"
"37","provident vel ut sit","debitis et eaque non officia sed nesciunt pariatur vel voluptatem iste vero et ea numquam aut expedita ipsum nulla in vo"
"38","explicabo et eos del","animi esse sit aut sit nesciunt assumenda eum voluptas quia voluptatibus provident quia necessitatibus ea rerum repudian"
"39","eos dolorem iste acc","corporis rerum ducimus vel eum accusantium maxime aspernatur a porro possimus iste omnis est in deleniti asperiores fuga"
"40","enim quo cumque","ut voluptatum aliquid illo tenetur nemo sequi quo facilis ipsum rem optio mollitia quas voluptatem eum voluptas qui unde"
"41","non est facere","molestias id nostrum excepturi molestiae dolore omnis repellendus quaerat saepe consectetur iste quaerat tenetur asperio"
"42","commodi ullam sint e","odio fugit voluptatum ducimus earum autem est incidunt voluptatem odit reiciendis aliquam sunt sequi nulla dolorem non f"
"43","eligendi iste nostru","similique fugit est illum et dolorum harum et voluptate eaque quidem exercitationem quos nam commodi possimus cum odio n"
"44","optio dolor molestia","temporibus est consectetur dolore et libero debitis vel velit laboriosam quia ipsum quibusdam qui itaque fuga rem aut ea"
"45","ut numquam possimus","est natus reiciendis nihil possimus aut provident ex et dolor repellat pariatur est nobis rerum repellendus dolorem aute"
"46","aut quo modi neque n","voluptatem quisquam iste voluptatibus natus officiis facilis dolorem quis quas ipsam vel et voluptatum in aliquid"